config_id,algorithm,n,epsilon,interval,step,trials,observed,rmse,prior_rmse,cumulative_rmse
bpf_n500_e0_m1,bpf,500,0,1,1,8,1,3.1160097063938172,8.1336209917343449,3.1160097063938172
bpf_n500_e0_m1,bpf,500,0,1,2,8,1,8.6165076130665668,10.397281182148335,6.4789551602235438
bpf_n500_e0_m1,bpf,500,0,1,3,8,1,1.4186656493006307,7.2757468652288626,5.353077998089204
bpf_n500_e0_m1,bpf,500,0,1,4,8,1,3.6160568567791396,3.5405617718785556,4.975997371189508
bpf_n500_e0_m1,bpf,500,0,1,5,8,1,4.1568070768043128,6.734279229472838,4.8233026947540836
bpf_n500_e0_m1,bpf,500,0,1,6,8,1,2.4360750684884955,6.1471949215733117,4.5139728651787667
bpf_n500_e0_m1,bpf,500,0,1,7,8,1,1.5794753692378123,5.1616752751134589,4.2215509778050961
bpf_n500_e0_m1,bpf,500,0,1,8,8,1,1.5456786567780938,8.1634839593476141,3.986533129134096
bpf_n500_e0_m1,bpf,500,0,1,9,8,1,4.3642713331183813,4.5971537131939106,4.0302527545021345
bpf_n500_e0_m1,bpf,500,0,1,10,8,1,13.22649685923863,12.349490880120543,5.6668038130325078
bpf_n500_e0_m1,bpf,500,0,1,11,8,1,2.5842888656629923,7.5727819684537243,5.4589809529817046
bpf_n500_e0_m1,bpf,500,0,1,12,8,1,2.2304517352481175,4.6409908137691573,5.2660874030477531
bpf_n500_e0_m1,bpf,500,0,1,13,8,1,4.1263820474069828,3.6262127654499077,5.1873154998858029
bpf_n500_e0_m1,bpf,500,0,1,14,8,1,0.69666921053383368,6.1917161535703364,5.0020888153173946
bpf_n500_e0_m1,bpf,500,0,1,15,8,1,8.7511310637161159,9.3811020755543399,5.334633946347612
bpf_n500_e0_m1,bpf,500,0,1,16,8,1,4.6390779868151926,6.7927067632547153,5.2938397848975001
bpf_n500_e0_m1,bpf,500,0,1,17,8,1,1.8530034951912842,7.9903494451787314,5.1554052539047559
bpf_n500_e0_m1,bpf,500,0,1,18,8,1,8.1352831389977887,7.7472454217829112,5.3645559430781438
bpf_n500_e0_m1,bpf,500,0,1,19,8,1,3.0541312415694319,5.6799438190949862,5.2682764885491773
bpf_n500_e0_m1,bpf,500,0,1,20,8,1,3.7304953417037949,4.7658115819311284,5.2021947365062884
bpf_n500_e0_m1,bpf,500,0,1,21,8,1,3.8920270880074903,7.7232092116590154,5.1473732384977486
bpf_n500_e0_m1,bpf,500,0,1,22,8,1,3.7195678191390407,6.3157754511212261,5.0911673118773848
bpf_n500_e0_m1,bpf,500,0,1,23,8,1,3.4645249433980108,10.108871257554094,5.0313910006342688
bpf_n500_e0_m1,bpf,500,0,1,24,8,1,2.0772952841844936,5.250562476679419,4.9436733556079693
bpf_n500_e0_m1,bpf,500,0,1,25,8,1,3.5351298930828809,10.327533421349328,4.8951195829631127
bpf_n500_e0_m1,bpf,500,0,1,26,8,1,5.0388057867829366,7.1600380938303285,4.9007238752777091
bpf_n500_e0_m1,bpf,500,0,1,27,8,1,4.2203436837467034,6.0914678321553026,4.8772174742237402
bpf_n500_e0_m1,bpf,500,0,1,28,8,1,5.8754294885782272,9.4936930911409565,4.9163590968202282
bpf_n500_e0_m1,bpf,500,0,1,29,8,1,2.8271709655546799,5.5061978683513013,4.8592937091342234
bpf_n500_e0_m1,bpf,500,0,1,30,8,1,2.3093344315136521,5.9961717477064056,4.7961872034422175
bpf_n500_e0_m1,bpf,500,0,1,31,8,1,7.4989500598075276,7.7109467505545197,4.9066663103451988
bpf_n500_e0_m1,bpf,500,0,1,32,8,1,5.0399442072323843,8.5189161547900678,4.910885995435895
bpf_n500_e0_m1,bpf,500,0,1,33,8,1,3.4121818347221611,9.6054625317901792,4.8722486414590849
bpf_n500_e0_m1,bpf,500,0,1,34,8,1,4.2851025866950936,6.5186389663393696,4.855993050972284
bpf_n500_e0_m1,bpf,500,0,1,35,8,1,1.6671913871921382,6.0418555234446263,4.794408220591464
bpf_n500_e0_m1,bpf,500,0,1,36,8,1,3.5816442403258146,7.1890536700194021,4.7648902049927315
bpf_n500_e0_m1,bpf,500,0,1,37,8,1,2.1726393098028978,3.8800971742973194,4.7136110950052252
bpf_n500_e0_m1,bpf,500,0,1,38,8,1,1.9482220756218613,7.8849884622257491,4.6619014722065071
bpf_n500_e0_m1,bpf,500,0,1,39,8,1,8.2148766909226723,7.815346281967714,4.7860656767820835
bpf_n500_e0_m1,bpf,500,0,1,40,8,1,2.2938420305751364,7.3516351631243033,4.7397580979877629
bpf_n500_e0_m1,bpf,500,0,1,41,8,1,1.1537342108679227,7.6723602190210798,4.6850654672442564
bpf_n500_e0_m1,bpf,500,0,1,42,8,1,1.4994471487524188,4.3024516948664289,4.6347335606340847
bpf_n500_e0_m1,bpf,500,0,1,43,8,1,2.618837664711406,2.482245871841803,4.5979015137417756
bpf_n500_e0_m1,bpf,500,0,1,44,8,1,6.2265017537077272,7.7278694132257248,4.641265874252138
bpf_n500_e0_m1,bpf,500,0,1,45,8,1,2.7883018269624436,4.2621906021717342,4.6081907256057075
bpf_n500_e0_m1,bpf,500,0,1,46,8,1,1.9404407792339713,7.4841638475041572,4.5667972074858953
bpf_n500_e0_m1,bpf,500,0,1,47,8,1,3.448843950970677,5.4680660306875568,4.5458744784647616
bpf_n500_e0_m1,bpf,500,0,1,48,8,1,1.7132736898973049,4.5510212400056727,4.5050645600083756
bpf_n500_e0_m1,bpf,500,0,1,49,8,1,1.4359424811611705,6.2300023165684921,4.4635737761960064
bpf_n500_e0_m1,bpf,500,0,1,50,8,1,2.6180166670948002,4.6354747133301588,4.4341968003030168
bpf_n500_e0_m1,bpf,500,0,1,51,8,1,2.9289899080361748,8.3427691569358249,4.409624156035882
bpf_n500_e0_m1,bpf,500,0,1,52,8,1,6.8040034695790466,6.6398115540223506,4.4677875015886626
bpf_n500_e0_m1,bpf,500,0,1,53,8,1,2.1266678509551973,5.5339606707936611,4.4350687055889022
bpf_n500_e0_m1,bpf,500,0,1,54,8,1,4.4309871173481499,9.9722380776868,4.4349931547583576
bpf_n500_e0_m1,bpf,500,0,1,55,8,1,4.1819102118215552,6.2869254269761443,4.4305206841314755
bpf_n500_e0_m1,bpf,500,0,1,56,8,1,2.1994006189883728,10.237342060796722,4.4006099564460381
bpf_n500_e0_m1,bpf,500,0,1,57,8,1,6.1475851827216719,9.1963423062939018,4.4371901393175666
bpf_n500_e0_m1,bpf,500,0,1,58,8,1,4.5138648143030116,6.1755014045162184,4.4385233380729421
bpf_n500_e0_m1,bpf,500,0,1,59,8,1,3.3342980448700725,7.0843833359432633,4.422105354025347
bpf_n500_e0_m1,bpf,500,0,1,60,8,1,3.4478356924489661,4.3643533128062053,4.4076325862568666
bpf_n500_e0_m1,bpf,500,0,1,61,8,1,3.1923501899192024,6.0187867208672357,4.3904228868745081
bpf_n500_e0_m1,bpf,500,0,1,62,8,1,3.8992417866999034,7.7496454215442787,4.3829373844125454
bpf_n500_e0_m1,bpf,500,0,1,63,8,1,3.5321868555502425,7.8433887416409744,4.3707269947657217
bpf_n500_e0_m1,bpf,500,0,1,64,8,1,2.4133889256545031,2.9076470685713502,4.3469268549409223
bpf_n500_e0_m1,bpf,500,0,1,65,8,1,9.1666799753807506,11.669593594482102,4.4606958736748128
bpf_n500_e0_m1,bpf,500,0,1,66,8,1,1.0129364161382075,8.6682620839628335,4.4285293051185786
bpf_n500_e0_m1,bpf,500,0,1,67,8,1,9.5749575681676315,10.613004360630939,4.5483527470017613
bpf_n500_e0_m1,bpf,500,0,1,68,8,1,9.5649499661386272,9.0151945185483893,4.6614053982462522
bpf_n500_e0_m1,bpf,500,0,1,69,8,1,2.4385185631829684,6.6927410495416151,4.6368061101027394
bpf_n500_e0_m1,bpf,500,0,1,70,8,1,4.1289959560762011,7.8263676173842587,4.6299438439831677
bpf_n500_e0_m1,bpf,500,0,1,71,8,1,3.5495332532448938,4.4497056253220597,4.616482695925769
bpf_n500_e0_m1,bpf,500,0,1,72,8,1,1.7979929193637856,8.9132391901410184,4.589206183996386
bpf_n500_e0_m1,bpf,500,0,1,73,8,1,4.6047881520270266,4.9888229154565318,4.5894199930042436
bpf_n500_e0_m1,bpf,500,0,1,74,8,1,1.8424009363808453,5.292477965830404,4.5633337148375883
bpf_n500_e0_m1,bpf,500,0,1,75,8,1,9.6574373171168659,9.306119550628706,4.6679662601095346
bpf_n500_e0_m1,bpf,500,0,1,76,8,1,5.0552256481896034,7.0743610776239425,4.6732701299492811
bpf_n500_e0_m1,bpf,500,0,1,77,8,1,1.9245295747162261,4.58778753135317,4.6480023580198129
bpf_n500_e0_m1,bpf,500,0,1,78,8,1,10.735624542614964,13.074335744029799,4.7754123599261211
bpf_n500_e0_m1,bpf,500,0,1,79,8,1,3.3285445718264475,6.0086906884479943,4.7598467414147585
bpf_n500_e0_m1,bpf,500,0,1,80,8,1,1.6058576287938655,9.3137108699202891,4.7334103956116227
bpf_n500_e0_m1,bpf,500,0,1,81,8,1,4.5169701786580916,6.6756529778430815,4.730798665975473
bpf_n500_e0_m1,bpf,500,0,1,82,8,1,1.9825041402948032,3.915593870829138,4.7069580826426485
bpf_n500_e0_m1,bpf,500,0,1,83,8,1,4.5052609710353479,4.8173298702036167,4.7045794615600895
bpf_n500_e0_m1,bpf,500,0,1,84,8,1,1.9820646803370272,5.572322619517478,4.6814899146202835
bpf_n500_e0_m1,bpf,500,0,1,85,8,1,4.8428000038962136,8.1790767481243538,4.6834199781730863
bpf_n500_e0_m1,bpf,500,0,1,86,8,1,8.3690834407641557,9.3216374055714777,4.7427637493371551
bpf_n500_e0_m1,bpf,500,0,1,87,8,1,2.1449802997764511,5.4658767808913264,4.7210319675256462
bpf_n500_e0_m1,bpf,500,0,1,88,8,1,4.5901158261526396,6.142268189980391,4.7195646831208435
bpf_n500_e0_m1,bpf,500,0,1,89,8,1,6.4500309048085702,6.592107936455835,4.7425168600165879
bpf_n500_e0_m1,bpf,500,0,1,90,8,1,3.7107950400626848,8.3779197726905821,4.7322891908680074
bpf_n500_e0_m1,bpf,500,0,1,91,8,1,4.5925705357650912,5.5424984956128096,4.730776244724983
bpf_n500_e0_m1,bpf,500,0,1,92,8,1,2.1352932167582721,7.2518668543305358,4.710259004680597
bpf_n500_e0_m1,bpf,500,0,1,93,8,1,2.3310434496472476,8.7272014250957604,4.6910982201734059
bpf_n500_e0_m1,bpf,500,0,1,94,8,1,6.3916667194009422,7.4101234305213719,4.7124200281087321
bpf_n500_e0_m1,bpf,500,0,1,95,8,1,2.4411868193419735,6.3699953764417687,4.6942386077213252
bpf_n500_e0_m1,bpf,500,0,1,96,8,1,1.9928103453470776,7.1119153785418714,4.6741526896633445
bpf_n500_e0_m1,bpf,500,0,1,97,8,1,2.1150085832371048,5.7647576565156076,4.6549527824581318
bpf_n500_e0_m1,bpf,500,0,1,98,8,1,3.0109198124288779,5.5859260462603597,4.6411188202797753
bpf_n500_e0_m1,bpf,500,0,1,99,8,1,5.5860591577952263,6.1677076453283952,4.6516234588636269
bpf_n500_e0_m1,bpf,500,0,1,100,8,1,4.2535104153243442,8.592042398192131,4.6478111303658451
ekf_n0_e0_m1,ekf,0,0,1,1,8,1,4.6700702671524983,7.9876573854153357,4.6700702671524983
ekf_n0_e0_m1,ekf,0,0,1,2,8,1,13.444162668654913,13.78737998467559,10.063673935531602
ekf_n0_e0_m1,ekf,0,0,1,3,8,1,18.809615960749039,10.024287160482368,13.618085018977048
ekf_n0_e0_m1,ekf,0,0,1,4,8,1,22.493758694346919,11.559383571811672,16.296670664216734
ekf_n0_e0_m1,ekf,0,0,1,5,8,1,13.166226239244173,13.752979097529291,15.720530603861503
ekf_n0_e0_m1,ekf,0,0,1,6,8,1,6.8218424724847004,12.001856536190846,14.618555258381537
ekf_n0_e0_m1,ekf,0,0,1,7,8,1,3.8898022958554708,6.5581817929211033,13.613771960539337
ekf_n0_e0_m1,ekf,0,0,1,8,8,1,21.673438799563709,9.9409755353338554,14.862206508260318
ekf_n0_e0_m1,ekf,0,0,1,9,8,1,18.584849400011819,13.08458385255976,15.320567459662128
ekf_n0_e0_m1,ekf,0,0,1,10,8,1,34.66046991613517,19.710459957147659,18.203917876055787
ekf_n0_e0_m1,ekf,0,0,1,11,8,1,20.712302283780488,20.221737340614066,18.446053350431292
ekf_n0_e0_m1,ekf,0,0,1,12,8,1,25.803372428172487,15.373881956587645,19.167332789026542
ekf_n0_e0_m1,ekf,0,0,1,13,8,1,17.286258045446552,18.059890318340916,19.029237569425533
ekf_n0_e0_m1,ekf,0,0,1,14,8,1,10.606660896669565,15.794890998062435,18.554852518053849
ekf_n0_e0_m1,ekf,0,0,1,15,8,1,11.143687717385717,11.867193826615447,18.155141610531569
ekf_n0_e0_m1,ekf,0,0,1,16,8,1,17.132315518164834,8.7131907682663083,18.092909071116047
ekf_n0_e0_m1,ekf,0,0,1,17,8,1,16.576426272026456,13.046116385545762,18.007239796394806
ekf_n0_e0_m1,ekf,0,0,1,18,8,1,17.017508045947555,16.078592967202084,17.953686137356296
ekf_n0_e0_m1,ekf,0,0,1,19,8,1,16.27617738635724,11.559330271454922,17.869322693329924
ekf_n0_e0_m1,ekf,0,0,1,20,8,1,15.15841716193855,12.4933561154948,17.743616863120259
ekf_n0_e0_m1,ekf,0,0,1,21,8,1,21.947199294151993,16.017592281857638,17.96610346042068
ekf_n0_e0_m1,ekf,0,0,1,22,8,1,17.783587454951292,14.952751123351872,17.957847521511997
ekf_n0_e0_m1,ekf,0,0,1,23,8,1,10.507525421463182,11.596914618247368,17.699253752153723
ekf_n0_e0_m1,ekf,0,0,1,24,8,1,12.428742943469858,8.6690863040255142,17.511348783201978
ekf_n0_e0_m1,ekf,0,0,1,25,8,1,20.827850996151028,11.562358146624721,17.655973998717439
ekf_n0_e0_m1,ekf,0,0,1,26,8,1,16.828513282024939,14.162401822090064,17.62486694479831
ekf_n0_e0_m1,ekf,0,0,1,27,8,1,8.3038562352113026,13.616582122656919,17.369074618458885
ekf_n0_e0_m1,ekf,0,0,1,28,8,1,8.3647207203319578,13.30940425972617,17.129190714008139
ekf_n0_e0_m1,ekf,0,0,1,29,8,1,25.930557574789749,12.387592219902725,17.506501947416112
ekf_n0_e0_m1,ekf,0,0,1,30,8,1,23.57803220790413,16.644693169114579,17.742392083565097
ekf_n0_e0_m1,ekf,0,0,1,31,8,1,18.939534823562763,17.745296020181037,17.782267612519945
ekf_n0_e0_m1,ekf,0,0,1,32,8,1,13.361612991894505,14.698071460264162,17.660879248432387
ekf_n0_e0_m1,ekf,0,0,1,33,8,1,18.259120939830517,14.969001041940018,17.679305213948354
ekf_n0_e0_m1,ekf,0,0,1,34,8,1,20.2736318060089,15.700483345207925,17.761018643438753
ekf_n0_e0_m1,ekf,0,0,1,35,8,1,13.543694951832954,14.056420972741373,17.65450998918325
ekf_n0_e0_m1,ekf,0,0,1,36,8,1,12.182723078896114,10.849543783252674,17.525599565867655
ekf_n0_e0_m1,ekf,0,0,1,37,8,1,9.3542673599269115,8.5118805519714176,17.355411464668517
ekf_n0_e0_m1,ekf,0,0,1,38,8,1,23.938128115838822,12.324049910978086,17.560283642269479
ekf_n0_e0_m1,ekf,0,0,1,39,8,1,11.100913784089649,14.101884588509476,17.424596252193414
ekf_n0_e0_m1,ekf,0,0,1,40,8,1,5.9137736820062479,11.17512621141109,17.230799710611336
ekf_n0_e0_m1,ekf,0,0,1,41,8,1,2.3682326932971867,5.8477654890211479,17.023389127457055
ekf_n0_e0_m1,ekf,0,0,1,42,8,1,16.902957649041195,7.8557409738660411,17.020531614202657
ekf_n0_e0_m1,ekf,0,0,1,43,8,1,14.323802381584301,9.3256161968987623,16.962686933884324
ekf_n0_e0_m1,ekf,0,0,1,44,8,1,35.841899551057018,9.2684263611118602,17.617882139874101
ekf_n0_e0_m1,ekf,0,0,1,45,8,1,13.769287428499728,19.290710811072135,17.54153369985799
ekf_n0_e0_m1,ekf,0,0,1,46,8,1,22.139206450243556,14.037093007841694,17.654219637669161
ekf_n0_e0_m1,ekf,0,0,1,47,8,1,13.444245291764496,14.497160348263511,17.575148919291628
ekf_n0_e0_m1,ekf,0,0,1,48,8,1,10.549080272857067,12.84112133294196,17.457638307224119
ekf_n0_e0_m1,ekf,0,0,1,49,8,1,10.711351403096636,10.43228377430292,17.346205573225784
ekf_n0_e0_m1,ekf,0,0,1,50,8,1,22.618769717746925,12.543655715128814,17.467260967413477
ekf_n0_e0_m1,ekf,0,0,1,51,8,1,26.029343325655429,16.132814323537936,17.675055536508228
ekf_n0_e0_m1,ekf,0,0,1,52,8,1,14.492887349761279,16.137404430598416,17.619280732112777
ekf_n0_e0_m1,ekf,0,0,1,53,8,1,7.111266147362107,11.689084094465098,17.479584257988673
ekf_n0_e0_m1,ekf,0,0,1,54,8,1,17.396530825493908,12.96141082214597,17.478049818041615
ekf_n0_e0_m1,ekf,0,0,1,55,8,1,12.182173139647018,9.984023126340368,17.396157107648463
ekf_n0_e0_m1,ekf,0,0,1,56,8,1,8.9368368543453709,7.9715765694815444,17.281447819446711
ekf_n0_e0_m1,ekf,0,0,1,57,8,1,11.574872133069036,11.958082722763303,17.197659078831318
ekf_n0_e0_m1,ekf,0,0,1,58,8,1,18.637508344143086,11.471946664161717,17.223503864459726
ekf_n0_e0_m1,ekf,0,0,1,59,8,1,24.889722222513615,13.491095018582792,17.381631266563218
ekf_n0_e0_m1,ekf,0,0,1,60,8,1,16.208510846754248,16.285586131580594,17.362728783032477
ekf_n0_e0_m1,ekf,0,0,1,61,8,1,8.9574917409383943,13.217398704436729,17.257974020998805
ekf_n0_e0_m1,ekf,0,0,1,62,8,1,22.745601809196192,11.512579458938641,17.360253132696336
ekf_n0_e0_m1,ekf,0,0,1,63,8,1,15.023125384088178,15.212837380280348,17.325618431366443
ekf_n0_e0_m1,ekf,0,0,1,64,8,1,14.651139500425678,9.3432918136824981,17.287012055888198
ekf_n0_e0_m1,ekf,0,0,1,65,8,1,18.13676423984581,17.505896750671475,17.300401289075918
ekf_n0_e0_m1,ekf,0,0,1,66,8,1,16.580652467968573,14.372305703667848,17.289719552671663
ekf_n0_e0_m1,ekf,0,0,1,67,8,1,31.759648622662652,18.246120392451747,17.593395057498576
ekf_n0_e0_m1,ekf,0,0,1,68,8,1,17.754608789123655,19.25011395508616,17.595776548629441
ekf_n0_e0_m1,ekf,0,0,1,69,8,1,8.1277737008007662,13.967718095247715,17.49518884800332
ekf_n0_e0_m1,ekf,0,0,1,70,8,1,5.5577434643734929,8.363112549585674,17.382471128573943
ekf_n0_e0_m1,ekf,0,0,1,71,8,1,16.293356775602927,8.8224250254359795,17.367605692790043
ekf_n0_e0_m1,ekf,0,0,1,72,8,1,30.844724927550082,14.866142156156497,17.625499090007189
ekf_n0_e0_m1,ekf,0,0,1,73,8,1,18.790949614981887,18.787437722115481,17.641984285549718
ekf_n0_e0_m1,ekf,0,0,1,74,8,1,19.59493857495352,14.029809532172157,17.669814355913768
ekf_n0_e0_m1,ekf,0,0,1,75,8,1,11.493797993705936,12.075614000906214,17.601727379581014
ekf_n0_e0_m1,ekf,0,0,1,76,8,1,9.9145234779239981,8.5466230405691892,17.522488663697963
ekf_n0_e0_m1,ekf,0,0,1,77,8,1,9.1197947865934719,8.5016747620420485,17.43933043313816
ekf_n0_e0_m1,ekf,0,0,1,78,8,1,22.058780711693423,17.189507354138573,17.506269479565997
ekf_n0_e0_m1,ekf,0,0,1,79,8,1,15.67037910998387,12.284291897843266,17.484235042454227
ekf_n0_e0_m1,ekf,0,0,1,80,8,1,30.117710619149818,16.388915929562419,17.697901012373549
ekf_n0_e0_m1,ekf,0,0,1,81,8,1,20.754077777572224,19.61285385414433,17.738842002895666
ekf_n0_e0_m1,ekf,0,0,1,82,8,1,13.676858644650316,15.634451742439262,17.694922871900317
ekf_n0_e0_m1,ekf,0,0,1,83,8,1,13.464362824920908,11.396762248580433,17.649988324705578
ekf_n0_e0_m1,ekf,0,0,1,84,8,1,17.569240763584766,10.557851902143431,17.649029217055094
ekf_n0_e0_m1,ekf,0,0,1,85,8,1,25.884384306129981,12.019559609549216,17.768118462566409
ekf_n0_e0_m1,ekf,0,0,1,86,8,1,15.401436816367532,17.15716397070765,17.742413092116038
ekf_n0_e0_m1,ekf,0,0,1,87,8,1,7.3376159263655021,9.825167925968282,17.657682945058365
ekf_n0_e0_m1,ekf,0,0,1,88,8,1,15.361288040657463,9.2096049016044645,17.633267531675966
ekf_n0_e0_m1,ekf,0,0,1,89,8,1,7.6655640171087862,10.66762655962283,17.552741637365816
ekf_n0_e0_m1,ekf,0,0,1,90,8,1,6.4287231094023198,9.5538507854986321,17.468103074130301
ekf_n0_e0_m1,ekf,0,0,1,91,8,1,7.2658480283837648,12.642534260229581,17.388548966101133
ekf_n0_e0_m1,ekf,0,0,1,92,8,1,20.38184318858514,11.498822643099237,17.423849325769627
ekf_n0_e0_m1,ekf,0,0,1,93,8,1,34.707041372280507,17.038232941043816,17.699677128126353
ekf_n0_e0_m1,ekf,0,0,1,94,8,1,18.667788000503936,21.765612053694969,17.710254680504821
ekf_n0_e0_m1,ekf,0,0,1,95,8,1,7.19392200422811,12.657839519246307,17.632250915669498
ekf_n0_e0_m1,ekf,0,0,1,96,8,1,6.4605259483207567,9.4652321715962984,17.552565182033721
ekf_n0_e0_m1,ekf,0,0,1,97,8,1,19.611243864614497,9.6507870685461903,17.575018926239153
ekf_n0_e0_m1,ekf,0,0,1,98,8,1,23.848001760973442,12.093923764980877,17.650291187684395
ekf_n0_e0_m1,ekf,0,0,1,99,8,1,19.311165263523119,18.217000618694783,17.667848287190814
ekf_n0_e0_m1,ekf,0,0,1,100,8,1,27.911836405849421,15.335372643050473,17.799495514864134
enkf_n500_e0_m1,enkf,500,0,1,1,8,1,4.3160014736282486,8.1336209917343449,4.3160014736282486
enkf_n500_e0_m1,enkf,500,0,1,2,8,1,9.785899818512199,10.99762571512607,7.5627939274555906
enkf_n500_e0_m1,enkf,500,0,1,3,8,1,3.1852431096571601,8.0081518657503459,6.4430189002241471
enkf_n500_e0_m1,enkf,500,0,1,4,8,1,3.0317086921113026,5.1146303636901456,5.7820570569599177
enkf_n500_e0_m1,enkf,500,0,1,5,8,1,7.275221229982141,8.5904174692251676,6.1099521959659029
enkf_n500_e0_m1,enkf,500,0,1,6,8,1,2.7080456744735928,7.1798340355003187,5.6861101314222706
enkf_n500_e0_m1,enkf,500,0,1,7,8,1,2.4115719517022001,4.7394736443570551,5.3426420676105657
enkf_n500_e0_m1,enkf,500,0,1,8,8,1,3.9724704459460529,10.340475848891892,5.1911859348578711
enkf_n500_e0_m1,enkf,500,0,1,9,8,1,4.6017489021977065,4.9860841166419698,5.1290391588917759
enkf_n500_e0_m1,enkf,500,0,1,10,8,1,14.037860523478445,12.941904301008258,6.5865386381440274
enkf_n500_e0_m1,enkf,500,0,1,11,8,1,4.0751576312609643,8.7169574434533565,6.3990895803960504
enkf_n500_e0_m1,enkf,500,0,1,12,8,1,2.5833208778090837,5.7770787104537495,6.1718809180224152
enkf_n500_e0_m1,enkf,500,0,1,13,8,1,4.3255658126983425,4.318162218474134,6.0498943944691188
enkf_n500_e0_m1,enkf,500,0,1,14,8,1,1.8623289904090978,5.4248869228212238,5.8510326174316898
enkf_n500_e0_m1,enkf,500,0,1,15,8,1,8.2352292831155616,8.5944444638491806,6.0393330702927654
enkf_n500_e0_m1,enkf,500,0,1,16,8,1,3.8443008192847277,7.0629266677784246,5.9260115581547064
enkf_n500_e0_m1,enkf,500,0,1,17,8,1,2.5277136475870252,7.1752334113195673,5.781670550782362
enkf_n500_e0_m1,enkf,500,0,1,18,8,1,8.60254858760708,8.544906896900244,5.973436505268177
enkf_n500_e0_m1,enkf,500,0,1,19,8,1,2.8926435295290558,6.0690145508756022,5.8518659771383374
enkf_n500_e0_m1,enkf,500,0,1,20,8,1,3.4676762980598541,3.9894987599351972,5.7561582317615336
enkf_n500_e0_m1,enkf,500,0,1,21,8,1,4.3628270354101772,7.650600046661709,5.6975408710476527
enkf_n500_e0_m1,enkf,500,0,1,22,8,1,5.1259007410972286,6.4414436861411586,5.6728070249456852
enkf_n500_e0_m1,enkf,500,0,1,23,8,1,5.1203323903569053,10.464606678940036,5.6499098635278227
enkf_n500_e0_m1,enkf,500,0,1,24,8,1,1.5281542206218219,7.7113239394547719,5.539740250528264
enkf_n500_e0_m1,enkf,500,0,1,25,8,1,2.6420195480235384,8.9531857110169994,5.4534744753483144
enkf_n500_e0_m1,enkf,500,0,1,26,8,1,5.2358654358102505,6.5619102637773077,5.4452657037445835
enkf_n500_e0_m1,enkf,500,0,1,27,8,1,4.4421110398886228,6.298077580518723,5.4114290358958899
enkf_n500_e0_m1,enkf,500,0,1,28,8,1,4.3358527739058479,9.9786236040543823,5.376721827077116
enkf_n500_e0_m1,enkf,500,0,1,29,8,1,4.0713196303507742,8.3437256718495707,5.3370258296816013
enkf_n500_e0_m1,enkf,500,0,1,30,8,1,2.1181222177727808,5.6694029637034395,5.2615521734667858
enkf_n500_e0_m1,enkf,500,0,1,31,8,1,6.0276595077154234,6.8218225248927746,5.2879980276835656
enkf_n500_e0_m1,enkf,500,0,1,32,8,1,4.88557471319315,7.3936733471387095,5.2758869445174099
enkf_n500_e0_m1,enkf,500,0,1,33,8,1,5.2827810439821254,10.531167762971736,5.2760959889756212
enkf_n500_e0_m1,enkf,500,0,1,34,8,1,6.6543892577991137,8.499464638993059,5.3217316111435267
enkf_n500_e0_m1,enkf,500,0,1,35,8,1,2.6669478838449168,7.3809892003829312,5.2644922170292388
enkf_n500_e0_m1,enkf,500,0,1,36,8,1,4.4123003844336921,7.0592934135628287,5.2426910374060656
enkf_n500_e0_m1,enkf,500,0,1,37,8,1,3.6105016567497681,4.6369162411056504,5.2053113662003971
enkf_n500_e0_m1,enkf,500,0,1,38,8,1,4.5067380260566052,8.3440980381467043,5.1881330815774618
enkf_n500_e0_m1,enkf,500,0,1,39,8,1,9.0848616738701278,8.9288410151008026,5.3237981833278107
enkf_n500_e0_m1,enkf,500,0,1,40,8,1,3.3503388675752372,8.523190367441666,5.2834530075107153
enkf_n500_e0_m1,enkf,500,0,1,41,8,1,3.0275259185885046,8.3487345384611569,5.2399984651149447
enkf_n500_e0_m1,enkf,500,0,1,42,8,1,2.7296692272878094,6.4047942651958083,5.1943468230950209
enkf_n500_e0_m1,enkf,500,0,1,43,8,1,2.8317421100596101,2.8182666444222244,5.1517231209882537
enkf_n500_e0_m1,enkf,500,0,1,44,8,1,6.193999031332388,7.9573022816874461,5.1777417461650197
enkf_n500_e0_m1,enkf,500,0,1,45,8,1,3.3165783626250174,5.1509529234180018,5.1437040566211767
enkf_n500_e0_m1,enkf,500,0,1,46,8,1,4.4505774427696636,7.3795648303030532,5.1296320606432557
enkf_n500_e0_m1,enkf,500,0,1,47,8,1,6.4559326281962655,8.0049628186052395,5.1614009719208767
enkf_n500_e0_m1,enkf,500,0,1,48,8,1,1.9068342103431482,7.0609310790165694,5.1147638353230818
enkf_n500_e0_m1,enkf,500,0,1,49,8,1,2.4393295726110718,6.5526246460441619,5.0742832310523225
enkf_n500_e0_m1,enkf,500,0,1,50,8,1,3.2783486636834258,5.7513886819034159,5.0446342485826978
enkf_n500_e0_m1,enkf,500,0,1,51,8,1,3.4205241173870986,8.4935030431563838,5.0178440811049967
enkf_n500_e0_m1,enkf,500,0,1,52,8,1,5.62041194035291,5.6435957265879173,5.0301126893546844
enkf_n500_e0_m1,enkf,500,0,1,53,8,1,2.1938853372904998,4.3992756328300961,4.9915379026658577
enkf_n500_e0_m1,enkf,500,0,1,54,8,1,4.9593807728952335,9.7287477217247229,4.9909442831757715
enkf_n500_e0_m1,enkf,500,0,1,55,8,1,5.1689920575673165,6.5331656941784333,4.9942381712793429
enkf_n500_e0_m1,enkf,500,0,1,56,8,1,3.3306929890611539,10.383940658165333,4.9694177869636533
enkf_n500_e0_m1,enkf,500,0,1,57,8,1,8.0025885192569248,9.9130621890827175,5.0383925293104097
enkf_n500_e0_m1,enkf,500,0,1,58,8,1,4.7742004809101095,8.1260640880565944,5.033954963216857
enkf_n500_e0_m1,enkf,500,0,1,59,8,1,4.6301353233386777,5.4084500610976098,5.0273807957629737
enkf_n500_e0_m1,enkf,500,0,1,60,8,1,3.7994550444348985,4.3556739462833738,5.0093824651106056
enkf_n500_e0_m1,enkf,500,0,1,61,8,1,2.7565397650398187,5.8045693126859241,4.9806729290257099
enkf_n500_e0_m1,enkf,500,0,1,62,8,1,3.1512565301922164,7.0958225315965553,4.9565266358558073
enkf_n500_e0_m1,enkf,500,0,1,63,8,1,4.7705649858453425,7.2929082802269862,4.9536293899619226
enkf_n500_e0_m1,enkf,500,0,1,64,8,1,2.3225202482654952,4.4290172226273077,4.9233437581341732
enkf_n500_e0_m1,enkf,500,0,1,65,8,1,8.8281889582524613,10.966111588084532,5.0065388028229476
enkf_n500_e0_m1,enkf,500,0,1,66,8,1,1.9399003781638855,8.7636409460491027,4.9742004298062206
enkf_n500_e0_m1,enkf,500,0,1,67,8,1,8.6807573987008766,11.311413960447608,5.0495629535478441
enkf_n500_e0_m1,enkf,500,0,1,68,8,1,8.7735265126544277,8.5554900606736215,5.1239726817298239
enkf_n500_e0_m1,enkf,500,0,1,69,8,1,3.3480183868436995,6.5808305314475657,5.1026502889914367
enkf_n500_e0_m1,enkf,500,0,1,70,8,1,3.3721262723717631,7.248030684486797,5.0820791493909301
enkf_n500_e0_m1,enkf,500,0,1,71,8,1,3.3883220912784697,6.2793221540641895,5.0621597019919102
enkf_n500_e0_m1,enkf,500,0,1,72,8,1,2.4142711960425891,7.8691658407616405,5.0349285905361345
enkf_n500_e0_m1,enkf,500,0,1,73,8,1,6.6502482890634838,6.7151191190450685,5.0605406446180208
enkf_n500_e0_m1,enkf,500,0,1,74,8,1,2.7391599932901696,6.8991647662465683,5.036307669133107
enkf_n500_e0_m1,enkf,500,0,1,75,8,1,8.1707175294724497,9.3863545611667867,5.0908098247344116
enkf_n500_e0_m1,enkf,500,0,1,76,8,1,4.9080978419114469,6.0277938523625263,5.0884483143022186
enkf_n500_e0_m1,enkf,500,0,1,77,8,1,2.1180687046532203,4.6810285078745109,5.0610577019812384
enkf_n500_e0_m1,enkf,500,0,1,78,8,1,11.44430012548874,12.693061835842213,5.1927877686472819
enkf_n500_e0_m1,enkf,500,0,1,79,8,1,4.6042885840991525,6.220755159052346,5.1857557687566844
enkf_n500_e0_m1,enkf,500,0,1,80,8,1,3.0331217824558614,7.916025944592378,5.1643886331170323
enkf_n500_e0_m1,enkf,500,0,1,81,8,1,6.8505902900723701,8.5657869020351498,5.1885479112709758
enkf_n500_e0_m1,enkf,500,0,1,82,8,1,2.8770543807172002,6.0646479665963993,5.1665915848037347
enkf_n500_e0_m1,enkf,500,0,1,83,8,1,4.4333131905350367,5.630100099317171,5.1583773148862937
enkf_n500_e0_m1,enkf,500,0,1,84,8,1,3.0100979680580267,6.0757249256961821,5.1380881440244064
enkf_n500_e0_m1,enkf,500,0,1,85,8,1,5.8050126759670535,8.4984928969852014,5.1464367494096779
enkf_n500_e0_m1,enkf,500,0,1,86,8,1,9.4820678814423793,10.443762207580587,5.2175949692614987
enkf_n500_e0_m1,enkf,500,0,1,87,8,1,3.1135399005875941,7.2638305959628058,5.1982509164397026
enkf_n500_e0_m1,enkf,500,0,1,88,8,1,4.2389817349472061,6.9597152525258084,5.1883464933689885
enkf_n500_e0_m1,enkf,500,0,1,89,8,1,5.4063617226362268,4.9532633536900823,5.1908469666536652
enkf_n500_e0_m1,enkf,500,0,1,90,8,1,4.0839434991644454,7.2324781136037224,5.1798477059151828
enkf_n500_e0_m1,enkf,500,0,1,91,8,1,3.8767427160339616,5.8878622485654493,5.1673139420286915
enkf_n500_e0_m1,enkf,500,0,1,92,8,1,3.8800786618209191,7.6102086651674421,5.1550504442255995
enkf_n500_e0_m1,enkf,500,0,1,93,8,1,1.9098402824122804,8.2102606869493417,5.1310834730567665
enkf_n500_e0_m1,enkf,500,0,1,94,8,1,3.7899066408227027,5.2993254371042964,5.1186652908756782
enkf_n500_e0_m1,enkf,500,0,1,95,8,1,3.3492026207597734,4.5832945868556472,5.1032354938456255
enkf_n500_e0_m1,enkf,500,0,1,96,8,1,3.9868375424269065,7.480972226077359,5.0928678291578917
enkf_n500_e0_m1,enkf,500,0,1,97,8,1,3.08090061156248,8.163038795756524,5.0761957203990624
enkf_n500_e0_m1,enkf,500,0,1,98,8,1,5.4363188106183253,7.1616587626897266,5.0799993696920955
enkf_n500_e0_m1,enkf,500,0,1,99,8,1,8.3504089704411832,8.9154396491328924,5.1234812013012965
enkf_n500_e0_m1,enkf,500,0,1,100,8,1,5.1500301810287956,10.641379231314522,5.1237473720453837
etpf_n500_e1_m1,etpf,500,1,1,1,8,1,3.1160097063938172,8.1336209917343449,3.1160097063938172
etpf_n500_e1_m1,etpf,500,1,1,2,8,1,9.2436279082092536,10.409711123220761,6.8976145657671193
etpf_n500_e1_m1,etpf,500,1,1,3,8,1,1.4767631592013217,7.6654652046291174,5.6960513464486882
etpf_n500_e1_m1,etpf,500,1,1,4,8,1,3.6151308728765921,3.8826634930140451,5.2536695283431465
etpf_n500_e1_m1,etpf,500,1,1,5,8,1,5.0994850472697868,6.8724706610611799,5.2231967567667468
etpf_n500_e1_m1,etpf,500,1,1,6,8,1,2.8506050402926308,6.3006003280363112,4.9080693912378468
etpf_n500_e1_m1,etpf,500,1,1,7,8,1,1.5866625237254666,5.6366743176891276,4.5833918952706689
etpf_n500_e1_m1,etpf,500,1,1,8,8,1,1.6247205797125968,8.5922706140573482,4.3256803774315609
etpf_n500_e1_m1,etpf,500,1,1,9,8,1,4.1415027480857125,4.616445436327937,4.3056052721226488
etpf_n500_e1_m1,etpf,500,1,1,10,8,1,14.350415741841131,12.442273379408963,6.1055594567382174
etpf_n500_e1_m1,etpf,500,1,1,11,8,1,4.4478325929734055,8.1009872548902457,5.9738960758283524
etpf_n500_e1_m1,etpf,500,1,1,12,8,1,2.2585458253059767,4.9131881661595846,5.7566107419917554
etpf_n500_e1_m1,etpf,500,1,1,13,8,1,4.3246184051757846,3.6246475790232724,5.6593362696464373
etpf_n500_e1_m1,etpf,500,1,1,14,8,1,0.72031284152079167,6.1616817746576782,5.4568697316699746
etpf_n500_e1_m1,etpf,500,1,1,15,8,1,8.6596026505761579,9.3618178902351517,5.7263874582130097
etpf_n500_e1_m1,etpf,500,1,1,16,8,1,4.969113920603986,7.2805148896261231,5.682015448872594
etpf_n500_e1_m1,etpf,500,1,1,17,8,1,1.9281312148308398,8.33864417594895,5.5321652125452774
etpf_n500_e1_m1,etpf,500,1,1,18,8,1,7.9400498274242537,8.0930623698548967,5.6927189082156815
etpf_n500_e1_m1,etpf,500,1,1,19,8,1,3.0327937893504426,5.779949594091315,5.5843989093297219
etpf_n500_e1_m1,etpf,500,1,1,20,8,1,3.7884119730930115,4.7055510132085274,5.5085242019519676
etpf_n500_e1_m1,etpf,500,1,1,21,8,1,4.323169925452075,8.1858526170407853,5.4579194355940661
etpf_n500_e1_m1,etpf,500,1,1,22,8,1,3.0429710245613513,6.7108185032141714,5.3717537703776559
etpf_n500_e1_m1,etpf,500,1,1,23,8,1,3.1959620397762674,10.069918660443344,5.2957752722669964
etpf_n500_e1_m1,etpf,500,1,1,24,8,1,2.0833087536512016,5.8796346549508094,5.2016848122074633
etpf_n500_e1_m1,etpf,500,1,1,25,8,1,3.281861602149069,10.339447623164018,5.1386815928946428
etpf_n500_e1_m1,etpf,500,1,1,26,8,1,5.041360598752326,7.061392346651207,5.1349725844354959
etpf_n500_e1_m1,etpf,500,1,1,27,8,1,4.1899230577433979,6.3308588816272637,5.1030926888081627
etpf_n500_e1_m1,etpf,500,1,1,28,8,1,4.6112422852230637,9.1026385300925057,5.0863456575927275
etpf_n500_e1_m1,etpf,500,1,1,29,8,1,3.1400738622840429,5.0164377318376534,5.0317803938256107
etpf_n500_e1_m1,etpf,500,1,1,30,8,1,2.2082926410244763,6.3118079321772811,4.9636080976353929
etpf_n500_e1_m1,etpf,500,1,1,31,8,1,7.2237151228855447,7.6078780693789883,5.0523205163055929
etpf_n500_e1_m1,etpf,500,1,1,32,8,1,4.8001230109353648,8.3440085762250398,5.0446301942760936
etpf_n500_e1_m1,etpf,500,1,1,33,8,1,4.0334129442677975,9.5700721431253939,5.0169827389095882
etpf_n500_e1_m1,etpf,500,1,1,34,8,1,4.5355191262967924,6.3524736799151853,5.0034833608199074
etpf_n500_e1_m1,etpf,500,1,1,35,8,1,1.6595502160119933,6.1133263025300959,4.9394587966916905
etpf_n500_e1_m1,etpf,500,1,1,36,8,1,3.5684664649513502,7.2682884915303152,4.9065512188043172
etpf_n500_e1_m1,etpf,500,1,1,37,8,1,2.1485893823985109,3.8494824838550366,4.8526650560038753
etpf_n500_e1_m1,etpf,500,1,1,38,8,1,1.8067698938185903,7.882255108746957,4.7973503345799058
etpf_n500_e1_m1,etpf,500,1,1,39,8,1,7.4307890945862258,7.7473721434460545,4.8826492793243865
etpf_n500_e1_m1,etpf,500,1,1,40,8,1,2.183314748264142,6.9470151325676124,4.8335731056346374
etpf_n500_e1_m1,etpf,500,1,1,41,8,1,1.2203693513198304,7.3116821756237629,4.7780658911173477
etpf_n500_e1_m1,etpf,500,1,1,42,8,1,1.5092768635743514,4.6846203201266778,4.7265823168269732
etpf_n500_e1_m1,etpf,500,1,1,43,8,1,2.6051031959385145,2.5091434027689137,4.6881615858498202
etpf_n500_e1_m1,etpf,500,1,1,44,8,1,5.8546152356095291,7.6007028427749139,4.7178757231591115
etpf_n500_e1_m1,etpf,500,1,1,45,8,1,2.7254500393460104,4.5954758850539026,4.682818564451285
etpf_n500_e1_m1,etpf,500,1,1,46,8,1,1.8431686249838102,7.3702910810628888,4.6396045732479614
etpf_n500_e1_m1,etpf,500,1,1,47,8,1,3.0446307147070786,5.367445218714141,4.6114164150939292
etpf_n500_e1_m1,etpf,500,1,1,48,8,1,1.7299764261612913,4.1933432944996571,4.5699548731469255
etpf_n500_e1_m1,etpf,500,1,1,49,8,1,1.0144179689251012,6.1580129809387723,4.5254032312397561
etpf_n500_e1_m1,etpf,500,1,1,50,8,1,2.7699696965481104,4.5629556514970213,4.497014961016343
etpf_n500_e1_m1,etpf,500,1,1,51,8,1,3.1948450420355052,8.5342394908793988,4.4751256151125487
etpf_n500_e1_m1,etpf,500,1,1,52,8,1,6.9982334233629482,6.6992707409950745,4.5368988982452247
etpf_n500_e1_m1,etpf,500,1,1,53,8,1,2.2232098765536401,5.7156881517458134,4.5042582494621604
etpf_n500_e1_m1,etpf,500,1,1,54,8,1,3.7332048537131555,10.426953976716183,4.4911826465777231
etpf_n500_e1_m1,etpf,500,1,1,55,8,1,4.001797382011981,6.1663607486477083,4.4827616220207291
etpf_n500_e1_m1,etpf,500,1,1,56,8,1,2.2448398722975615,10.288720894464113,4.4526730592112997
etpf_n500_e1_m1,etpf,500,1,1,57,8,1,6.4246169722076605,9.279832017427097,4.4947305523601768
etpf_n500_e1_m1,etpf,500,1,1,58,8,1,4.5555730844738154,6.3493957521273767,4.4957865373998702
etpf_n500_e1_m1,etpf,500,1,1,59,8,1,3.4393844568373133,6.9734108624894713,4.4799571873978801
etpf_n500_e1_m1,etpf,500,1,1,60,8,1,3.544445327057538,4.2745452636734171,4.4659714514885733
etpf_n500_e1_m1,etpf,500,1,1,61,8,1,3.0584672480445039,6.1220134430887398,4.4464911239512608
etpf_n500_e1_m1,etpf,500,1,1,62,8,1,3.9817881853476398,7.6600768974196027,4.4393818942596637
etpf_n500_e1_m1,etpf,500,1,1,63,8,1,3.236916537854289,7.8240289011243984,4.4228493079706324
etpf_n500_e1_m1,etpf,500,1,1,64,8,1,2.4085950378268541,2.674794457206993,4.398476082193608
etpf_n500_e1_m1,etpf,500,1,1,65,8,1,9.4031837539480652,11.838903035424861,4.517660631567189
etpf_n500_e1_m1,etpf,500,1,1,66,8,1,0.98939061825247454,8.8566223027579234,4.4849591002261171
etpf_n500_e1_m1,etpf,500,1,1,67,8,1,9.4266562322572209,10.676531133523637,4.5979269896552681
etpf_n500_e1_m1,etpf,500,1,1,68,8,1,9.1720535455771088,8.9332845599657116,4.6975729819180492
etpf_n500_e1_m1,etpf,500,1,1,69,8,1,2.4713182851519551,6.618992923617359,4.6728889128812758
etpf_n500_e1_m1,etpf,500,1,1,70,8,1,3.5351749226298943,7.9315602471046818,4.6585925624292441
etpf_n500_e1_m1,etpf,500,1,1,71,8,1,3.1701133908099952,4.3262421907816364,4.6409438472117701
etpf_n500_e1_m1,etpf,500,1,1,72,8,1,1.8292788092830352,9.0685373660420296,4.6136419186641477
etpf_n500_e1_m1,etpf,500,1,1,73,8,1,4.9597468507941747,5.2797411525384597,4.6185582982807656
etpf_n500_e1_m1,etpf,500,1,1,74,8,1,1.8545792386869149,5.4374687076524415,4.5923090218198208
etpf_n500_e1_m1,etpf,500,1,1,75,8,1,9.8149871431521554,9.4189965201527759,4.7002728032316501
etpf_n500_e1_m1,etpf,500,1,1,76,8,1,4.9721091726004945,7.1223701161131903,4.7039515883823277
etpf_n500_e1_m1,etpf,500,1,1,77,8,1,2.0194651320874377,4.5145131399230083,4.6789698623498346
etpf_n500_e1_m1,etpf,500,1,1,78,8,1,10.818069375874439,13.090503200635986,4.8075435727789788
etpf_n500_e1_m1,etpf,500,1,1,79,8,1,3.0593722280422546,6.0042500092924662,4.7894039484790847
etpf_n500_e1_m1,etpf,500,1,1,80,8,1,1.5897342493823849,9.0464326078913793,4.7626936697347491
etpf_n500_e1_m1,etpf,500,1,1,81,8,1,4.3105823587921934,6.5659665967178569,4.7573740028084934
etpf_n500_e1_m1,etpf,500,1,1,82,8,1,2.0279016772552763,4.2537162244009599,4.7335769809339299
etpf_n500_e1_m1,etpf,500,1,1,83,8,1,4.6761413592706669,5.0527705555929332,4.7328891337351475
etpf_n500_e1_m1,etpf,500,1,1,84,8,1,2.001417617776819,5.4579274745324389,4.7096981443507691
etpf_n500_e1_m1,etpf,500,1,1,85,8,1,4.9163276357886607,8.4902430359504439,4.7121817511363533
etpf_n500_e1_m1,etpf,500,1,1,86,8,1,9.2153893269800697,9.3309311229232659,4.7889398171129063
etpf_n500_e1_m1,etpf,500,1,1,87,8,1,2.1626052775317053,6.118845575527823,4.7669794465007067
etpf_n500_e1_m1,etpf,500,1,1,88,8,1,5.2333906074874168,5.9814295880427526,4.772535623019194
etpf_n500_e1_m1,etpf,500,1,1,89,8,1,6.5983265176722732,6.9298345448351402,4.796911910260004
etpf_n500_e1_m1,etpf,500,1,1,90,8,1,3.702145081451472,8.6033880620533463,4.7861237657080729
etpf_n500_e1_m1,etpf,500,1,1,91,8,1,4.5100725787511644,5.6323731810829516,4.7831768119708817
etpf_n500_e1_m1,etpf,500,1,1,92,8,1,2.1059018328297046,7.2626119921450494,4.7621741475378077
etpf_n500_e1_m1,etpf,500,1,1,93,8,1,2.1776211659690397,8.8113992363181914,4.7418814311947628
etpf_n500_e1_m1,etpf,500,1,1,94,8,1,5.8534531751480836,7.0198207414674778,4.7550743201477115
etpf_n500_e1_m1,etpf,500,1,1,95,8,1,2.3276851834068659,6.0052707822090117,4.7360064306778709
etpf_n500_e1_m1,etpf,500,1,1,96,8,1,1.9638443021563794,7.4481973978844183,4.7155368100083708
etpf_n500_e1_m1,etpf,500,1,1,97,8,1,2.1959105286133869,6.0305002009813604,4.6964623822638565
etpf_n500_e1_m1,etpf,500,1,1,98,8,1,3.813843614843428,5.7331629715995742,4.6882952573799308
etpf_n500_e1_m1,etpf,500,1,1,99,8,1,6.4935017717368035,6.4571593434533927,4.7099900088421789
etpf_n500_e1_m1,etpf,500,1,1,100,8,1,4.810452774671103,8.7749725419228159,4.7110052412975119
